title,price,location,date,link
Игровой ноутбук Acer Nitro 5 - Core i9 / RTX 3060 в Москве,46999,Не указано,Не указано,https://www.avito.ru/moskva/noutbuki/igrovoy_noutbuk_acer_nitro_5_-_core_i9_rtx_3060_7587475223?context=H4sIAAAAAAAA_wEfAOD_YToxOntzOjEzOiJsb2NhbFByaW9yaXR5IjtiOjA7fQseF2QfAAAA
Ноутбуки оптом и в розницу в Москве,20900,Не указано,Не указано,https://www.avito.ru/moskva/noutbuki/noutbuki_optom_i_v_roznitsu_4184275664?context=H4sIAAAAAAAA_wEfAOD_YToxOntzOjEzOiJsb2NhbFByaW9yaXR5IjtiOjA7fQseF2QfAAAA
Ноутбук под игры Acer Nitro Core i9 / RTX 3060 в Москве,46349,Не указано,Не указано,https://www.avito.ru/moskva/noutbuki/noutbuk_pod_igry_acer_nitro_core_i9_rtx_3060_7607267905?context=H4sIAAAAAAAA_wEfAOD_YToxOntzOjEzOiJsb2NhbFByaW9yaXR5IjtiOjA7fQseF2QfAAAA
Ноутбуки со склада / i7 / 16GB / 512 SSD / IPS в Москве,21000,Не указано,Не указано,https://www.avito.ru/moskva/noutbuki/noutbuki_so_sklada_i7_16gb_512_ssd_ips_7512143617?context=H4sIAAAAAAAA_wEfAOD_YToxOntzOjEzOiJsb2NhbFByaW9yaXR5IjtiOjA7fQseF2QfAAAA
Игровой ноутбук Acer Nitro 1050 в Москве,23900,Не указано,Не указано,https://www.avito.ru/moskva/noutbuki/igrovoy_noutbuk_acer_nitro_1050_7561662093?context=H4sIAAAAAAAA_wEfAOD_YToxOntzOjEzOiJsb2NhbFByaW9yaXR5IjtiOjA7fQseF2QfAAAA
Ноутбук Acer Aspire для игр Geforce GTX 1050 1650 в Москве,22900,Не указано,Не указано,https://www.avito.ru/moskva/noutbuki/noutbuk_acer_aspire_dlya_igr_geforce_gtx_1050_1650_7561108722?context=H4sIAAAAAAAA_wEfAOD_YToxOntzOjEzOiJsb2NhbFByaW9yaXR5IjtiOjA7fQseF2QfAAAA
"Ноутбуки бу/розница, опт в Москве",23990,Не указано,Не указано,https://www.avito.ru/moskva/noutbuki/noutbuki_buroznitsa_opt_3909386834?context=H4sIAAAAAAAA_wEfAOD_YToxOntzOjEzOiJsb2NhbFByaW9yaXR5IjtiOjA7fQseF2QfAAAA
"Ноутбуки новые Core i7, 16Gb, 512SSD, IPS в Москве",25555,Не указано,Не указано,https://www.avito.ru/moskva/noutbuki/noutbuki_novye_core_i7_16gb_512ssd_ips_7223498748?context=H4sIAAAAAAAA_wEfAOD_YToxOntzOjEzOiJsb2NhbFByaW9yaXR5IjtiOjA7fQseF2QfAAAA
Ноутбук Msi Katana Игровой GTX 1050-4Gb Купите в Москве,25890,Не указано,Не указано,https://www.avito.ru/moskva/noutbuki/noutbuk_msi_katana_igrovoy_gtx_1050-4gb_kupite_7497924608?context=H4sIAAAAAAAA_wEfAOD_YToxOntzOjEzOiJsb2NhbFByaW9yaXR5IjtiOjA7fQseF2QfAAAA
"Ноутбук Acer Core i5 11Gen,8Gb,256SSD без рамок в Москве",22900,Не указано,Не указано,https://www.avito.ru/moskva/noutbuki/noutbuk_acer_core_i5_11gen8gb256ssd_bez_ramok_7479098290?context=H4sIAAAAAAAA_wEfAOD_YToxOntzOjEzOiJsb2NhbFByaW9yaXR5IjtiOjA7fQseF2QfAAAA
Игровой ноутбук Lenovo RTX 3050 Ti – рви врагов в Москве,43999,Не указано,Не указано,https://www.avito.ru/moskva/noutbuki/igrovoy_noutbuk_lenovo_rtx_3050_ti_rvi_vragov_7208207591?context=H4sIAAAAAAAA_wEfAOD_YToxOntzOjEzOiJsb2NhbFByaW9yaXR5IjtiOjA7fQseF2QfAAAA
Honor MagicBook X16 Core i5-12450H 16/512 в Москве,39900,Не указано,Не указано,https://www.avito.ru/moskva/noutbuki/honor_magicbook_x16_core_i5-12450h_16512_7619059110?context=H4sIAAAAAAAA_wEfAOD_YToxOntzOjEzOiJsb2NhbFByaW9yaXR5IjtiOjA7fQseF2QfAAAA
Новые ноутбуки Asus i5 i7 с гарантией в Москве,26500,Не указано,Не указано,https://www.avito.ru/moskva/noutbuki/novye_noutbuki_asus_i5_i7_s_garantiey_7512277574?context=H4sIAAAAAAAA_wEfAOD_YToxOntzOjEzOiJsb2NhbFByaW9yaXR5IjtiOjA7fQseF2QfAAAA
Игровой ноутбук Asus ROG Strix nvidia RTX 3050 в Москве,49000,Не указано,Не указано,https://www.avito.ru/moskva/noutbuki/igrovoy_noutbuk_asus_rog_strix_nvidia_rtx_3050_7593411669?context=H4sIAAAAAAAA_wEfAOD_YToxOntzOjEzOiJsb2NhbFByaW9yaXR5IjtiOjA7fQseF2QfAAAA
Игровые бу ноутбуки Acer GeForce GTX 1050 в Москве,24900,Не указано,Не указано,https://www.avito.ru/moskva/noutbuki/igrovye_bu_noutbuki_acer_geforce_gtx_1050_7561471322?context=H4sIAAAAAAAA_wEfAOD_YToxOntzOjEzOiJsb2NhbFByaW9yaXR5IjtiOjA7fQseF2QfAAAA
Acer Nitro Игровой ноутбук i5 GTX 1650 Красный Дер в Москве,36500,Не указано,Не указано,https://www.avito.ru/moskva/noutbuki/acer_nitro_igrovoy_noutbuk_i5_gtx_1650_krasnyy_der_7497897059?context=H4sIAAAAAAAA_wEfAOD_YToxOntzOjEzOiJsb2NhbFByaW9yaXR5IjtiOjA7fQseF2QfAAAA
Игровой ноутбук Asus TUF Gaming RTX 3050 в коробке в Москве,44900,Не указано,Не указано,https://www.avito.ru/moskva/noutbuki/igrovoy_noutbuk_asus_tuf_gaming_rtx_3050_v_korobke_7497770826?context=H4sIAAAAAAAA_wEfAOD_YToxOntzOjEzOiJsb2NhbFByaW9yaXR5IjtiOjA7fQseF2QfAAAA
Мощный ноутбук HP i5 i7 16GB 1TB SSD в Москве,24500,Не указано,Не указано,https://www.avito.ru/moskva/noutbuki/moschnyy_noutbuk_hp_i5_i7_16gb_1tb_ssd_7230750351?context=H4sIAAAAAAAA_wEfAOD_YToxOntzOjEzOiJsb2NhbFByaW9yaXR5IjtiOjA7fQseF2QfAAAA
Thinkpad t480s i7/16/256/ips в Москве,21999,Не указано,Не указано,https://www.avito.ru/moskva/noutbuki/thinkpad_t480s_i716256ips_7396029327?context=H4sIAAAAAAAA_wEfAOD_YToxOntzOjEzOiJsb2NhbFByaW9yaXR5IjtiOjA7fQseF2QfAAAA
Новые ноутбуки i5 / 512 SSD / 14 IPS Опт Розница в Москве,22500,Не указано,Не указано,https://www.avito.ru/moskva/noutbuki/novye_noutbuki_i5_512_ssd_14_ips_opt_roznitsa_7320050572?context=H4sIAAAAAAAA_wEfAOD_YToxOntzOjEzOiJsb2NhbFByaW9yaXR5IjtiOjA7fQseF2QfAAAA
Игровой ноутбук ROG Strix GTX 1050 в Москве,25300,Не указано,Не указано,https://www.avito.ru/moskva/noutbuki/igrovoy_noutbuk_rog_strix_gtx_1050_7593720566?context=H4sIAAAAAAAA_wEfAOD_YToxOntzOjEzOiJsb2NhbFByaW9yaXR5IjtiOjA7fQseF2QfAAAA
Ноутбук для работы и учебы frbby v16 pro Оптом в Москве,20500,Не указано,Не указано,https://www.avito.ru/moskva/noutbuki/noutbuk_dlya_raboty_i_ucheby_frbby_v16_pro_optom_3456754482?context=H4sIAAAAAAAA_wEfAOD_YToxOntzOjEzOiJsb2NhbFByaW9yaXR5IjtiOjA7fQseF2QfAAAA
Ноутбук Dell Latitude 5430 /i5-1235U/16Gb/512 SSD в Москве,27400,Не указано,Не указано,https://www.avito.ru/moskva/noutbuki/noutbuk_dell_latitude_5430_i5-1235u16gb512_ssd_4094719050?context=H4sIAAAAAAAA_wEfAOD_YToxOntzOjEzOiJsb2NhbFByaW9yaXR5IjtiOjA7fQseF2QfAAAA
Много Thinkpad T490S i5-8365U/16GB/512SSD в Москве,22000,Не указано,Не указано,https://www.avito.ru/moskva/noutbuki/mnogo_thinkpad_t490s_i5-8365u16gb512ssd_7550346266?context=H4sIAAAAAAAA_wEfAOD_YToxOntzOjEzOiJsb2NhbFByaW9yaXR5IjtiOjA7fQseF2QfAAAA
Мощный ультрабук Mechrevo на Ryzen 9 / 512 SSD в Москве,24499,Не указано,Не указано,https://www.avito.ru/moskva/noutbuki/moschnyy_ultrabuk_mechrevo_na_ryzen_9_512_ssd_7447892452?context=H4sIAAAAAAAA_wEfAOD_YToxOntzOjEzOiJsb2NhbFByaW9yaXR5IjtiOjA7fQseF2QfAAAA
Сенсорные трансформеры HP EliteBook x360 i5 i7 в Москве,25500,Не указано,Не указано,https://www.avito.ru/moskva/noutbuki/sensornye_transformery_hp_elitebook_x360_i5_i7_3769320941?context=H4sIAAAAAAAA_wEfAOD_YToxOntzOjEzOiJsb2NhbFByaW9yaXR5IjtiOjA7fQseF2QfAAAA
Ноутбук HP i5 1135g7 16/256 IrisXe (как новый) в Москве,21499,Не указано,Не указано,https://www.avito.ru/moskva/noutbuki/noutbuk_hp_i5_1135g7_16256_irisxe_kak_novyy_7599168579?context=H4sIAAAAAAAA_wEfAOD_YToxOntzOjEzOiJsb2NhbFByaW9yaXR5IjtiOjA7fQseF2QfAAAA
Ноутбук бу asus в Москве,21505,Не указано,Не указано,https://www.avito.ru/moskva/noutbuki/noutbuk_bu_asus_7593878342?context=H4sIAAAAAAAA_wEfAOD_YToxOntzOjEzOiJsb2NhbFByaW9yaXR5IjtiOjA7fQseF2QfAAAA
Новый ужасный ноутбук в Москве,27000,Не указано,Не указано,https://www.avito.ru/moskva/noutbuki/novyy_uzhasnyy_noutbuk_7619838197?context=H4sIAAAAAAAA_wEfAOD_YToxOntzOjEzOiJsb2NhbFByaW9yaXR5IjtiOjA7fQseF2QfAAAA
Мощный игровой ноутбук MSI на i7 в Москве,21000,Не указано,Не указано,https://www.avito.ru/moskva/noutbuki/moschnyy_igrovoy_noutbuk_msi_na_i7_4759482906?context=H4sIAAAAAAAA_wEfAOD_YToxOntzOjEzOiJsb2NhbFByaW9yaXR5IjtiOjA7fQseF2QfAAAA
Lenovo Thinkpad T490 i7-8665U/24GB/512SSD в Москве,23000,Не указано,Не указано,https://www.avito.ru/moskva/noutbuki/lenovo_thinkpad_t490_i7-8665u24gb512ssd_7390399916?context=H4sIAAAAAAAA_wEfAOD_YToxOntzOjEzOiJsb2NhbFByaW9yaXR5IjtiOjA7fQseF2QfAAAA
Ноутбук honor для ребенка в школу в Москве,39500,Не указано,Не указано,https://www.avito.ru/moskva/noutbuki/noutbuk_honor_dlya_rebenka_v_shkolu_7619331489?context=H4sIAAAAAAAA_wEfAOD_YToxOntzOjEzOiJsb2NhbFByaW9yaXR5IjtiOjA7fQseF2QfAAAA
Ноутбук Yoga 16+512 Планшет Метал (2025) в Москве,25000,Не указано,Не указано,https://www.avito.ru/moskva/noutbuki/noutbuk_yoga_16512_planshet_metal_2025_4627439020?context=H4sIAAAAAAAA_wEfAOD_YToxOntzOjEzOiJsb2NhbFByaW9yaXR5IjtiOjA7fQseF2QfAAAA
Игровой ноутбук Asus TUF Gaming GeForce RTX 3050 в Москве,49900,Не указано,Не указано,https://www.avito.ru/moskva/noutbuki/igrovoy_noutbuk_asus_tuf_gaming_geforce_rtx_3050_7561966734?context=H4sIAAAAAAAA_wEfAOD_YToxOntzOjEzOiJsb2NhbFByaW9yaXR5IjtiOjA7fQseF2QfAAAA
Игровой ноутбук Thunderobot RTX 3050 Ti i5 16/512 в Москве,44990,Не указано,Не указано,https://www.avito.ru/moskva/noutbuki/igrovoy_noutbuk_thunderobot_rtx_3050_ti_i5_16512_7432126791?context=H4sIAAAAAAAA_wEfAOD_YToxOntzOjEzOiJsb2NhbFByaW9yaXR5IjtiOjA7fQseF2QfAAAA
Honor MagicBook Ноутбук i5/10 Ssd512 Fhd 16gb в Москве,21001,Не указано,Не указано,https://www.avito.ru/moskva/noutbuki/honor_magicbook_noutbuk_i510_ssd512_fhd_16gb_7545306181?context=H4sIAAAAAAAA_wEfAOD_YToxOntzOjEzOiJsb2NhbFByaW9yaXR5IjtiOjA7fQseF2QfAAAA
Ноутбук aquarius CMP NS483 Исп.2 в Москве,24200,Не указано,Не указано,https://www.avito.ru/moskva/noutbuki/noutbuk_aquarius_cmp_ns483_isp.2_7554649795?context=H4sIAAAAAAAA_wEfAOD_YToxOntzOjEzOiJsb2NhbFByaW9yaXR5IjtiOjA7fQseF2QfAAAA
Мощный ноутбук ThinkPad i5 i7 16GB 1TB SSD в Москве,27500,Не указано,Не указано,https://www.avito.ru/moskva/noutbuki/moschnyy_noutbuk_thinkpad_i5_i7_16gb_1tb_ssd_7262496384?context=H4sIAAAAAAAA_wEfAOD_YToxOntzOjEzOiJsb2NhbFByaW9yaXR5IjtiOjA7fQseF2QfAAAA
Ноутбук Lenova V15 G3 ABA Ryzen 5 5625U 512 GB в Москве,21286,Не указано,Не указано,https://www.avito.ru/moskva/noutbuki/noutbuk_lenova_v15_g3_aba_ryzen_5_5625u_512_gb_7578472476?context=H4sIAAAAAAAA_wEfAOD_YToxOntzOjEzOiJsb2NhbFByaW9yaXR5IjtiOjA7fQseF2QfAAAA
Игровой ноутбук HP omen на gtx1050 в Москве,20000,Не указано,Не указано,https://www.avito.ru/moskva/noutbuki/igrovoy_noutbuk_hp_omen_na_gtx1050_7543021431?context=H4sIAAAAAAAA_wEfAOD_YToxOntzOjEzOiJsb2NhbFByaW9yaXR5IjtiOjA7fQseF2QfAAAA
Свежий трансформер HP Elite x360 i5-13 gen в Москве,49000,Не указано,Не указано,https://www.avito.ru/moskva/noutbuki/svezhiy_transformer_hp_elite_x360_i5-13_gen_7549988545?context=H4sIAAAAAAAA_wEfAOD_YToxOntzOjEzOiJsb2NhbFByaW9yaXR5IjtiOjA7fQseF2QfAAAA
Ноутбук haier gg 1502x в Москве,25000,Не указано,Не указано,https://www.avito.ru/moskva/noutbuki/noutbuk_haier_gg_1502x_7595637980?context=H4sIAAAAAAAA_wEfAOD_YToxOntzOjEzOiJsb2NhbFByaW9yaXR5IjtiOjA7fQseF2QfAAAA
Игровой ноутбук MSI katana 17.3 RTX 3050 в Москве,46990,Не указано,Не указано,https://www.avito.ru/moskva/noutbuki/igrovoy_noutbuk_msi_katana_17.3_rtx_3050_7339637738?context=H4sIAAAAAAAA_wEfAOD_YToxOntzOjEzOiJsb2NhbFByaW9yaXR5IjtiOjA7fQseF2QfAAAA
Ноутбук в Москве,35500,Не указано,Не указано,https://www.avito.ru/moskva/noutbuki/noutbuk_7549917405?context=H4sIAAAAAAAA_wEfAOD_YToxOntzOjEzOiJsb2NhbFByaW9yaXR5IjtiOjA7fQseF2QfAAAA
Ноутбук Honor MagicBook X15 16/512 гб в Москве,21990,Не указано,Не указано,https://www.avito.ru/moskva/noutbuki/noutbuk_honor_magicbook_x15_16512_gb_7498514874?context=H4sIAAAAAAAA_wEfAOD_YToxOntzOjEzOiJsb2NhbFByaW9yaXR5IjtiOjA7fQseF2QfAAAA
"HP Laptop 17-BY2017UR Ноутбук 17,3"" DVD-RW в Москве",25000,Не указано,Не указано,https://www.avito.ru/moskva/noutbuki/hp_laptop_17-by2017ur_noutbuk_173_dvd-rw_7606935987?context=H4sIAAAAAAAA_wEfAOD_YToxOntzOjEzOiJsb2NhbFByaW9yaXR5IjtiOjA7fQseF2QfAAAA
Ноутбук HP 255 G10 (859qoea) в Москве,36999,Не указано,Не указано,https://www.avito.ru/moskva/noutbuki/noutbuk_hp_255_g10_859qoea_7468542640?context=H4sIAAAAAAAA_wEfAOD_YToxOntzOjEzOiJsb2NhbFByaW9yaXR5IjtiOjA7fQseF2QfAAAA
Много Thinkpad T480S i5-8350U/16GB/256SSD в Москве,20500,Не указано,Не указано,https://www.avito.ru/moskva/noutbuki/mnogo_thinkpad_t480s_i5-8350u16gb256ssd_7550722358?context=H4sIAAAAAAAA_wEfAOD_YToxOntzOjEzOiJsb2NhbFByaW9yaXR5IjtiOjA7fQseF2QfAAAA
"Lenovo LOQ 15IAX9E Игровой ноутбук 15.6"" в Москве",46500,Не указано,Не указано,https://www.avito.ru/moskva/noutbuki/lenovo_loq_15iax9e_igrovoy_noutbuk_15.6_7653931493?context=H4sIAAAAAAAA_wEfAOD_YToxOntzOjEzOiJsb2NhbFByaW9yaXR5IjtiOjA7fQseF2QfAAAA
Игровой ноутбук MSI GTX 1060 Intel I7 16\512 в Москве,30887,Не указано,Не указано,https://www.avito.ru/moskva/noutbuki/igrovoy_noutbuk_msi_gtx_1060_intel_i7_16512_7562939469?context=H4sIAAAAAAAA_wEfAOD_YToxOntzOjEzOiJsb2NhbFByaW9yaXR5IjtiOjA7fQseF2QfAAAA
